"Agency","Route","Direction","Service Key","Language","Rule: APPEND_TRIP, MERGE_TIMES, ORIGINATE, CONTINUES","Interlining Route","Interlining Route's Direction","Minimum Number of Stops","Stop ID","Minutes Between Trips","FN Symbol","Footnote (FN)","FN Sequence"
"","100","Inbound","*","","APPEND_TRIP","190","Inbound","4",,"0",,,"0"
"","100","Inbound","*","","APPEND_TRIP","90","Inbound","3","9848","0","R","Train starts as Red Line train from Portland International Airport","35"
"","100","Outbound","*","","APPEND_TRIP","190","Outbound","3",,"0","Y","Yellow Line train bound for Expo Center that <B>does not</B> travel east beyond the Rose Quarter.","25"
"","35","Inbound","*","","ORIGINATES","154","Inbound","0",,"10","*","Trips originate in Willamette as Line 154.","35"
"","35","Outbound","*","","CONTINUES","154","Outbound","0",,"10","*","Trips continue to Willamette as Line 154.","35"
"","109","Inbound","*","","MERGE_TIMES","9","Outbound","5","9813","20",,,"15"
"","109","Outbound","*","","MERGE_TIMES","9","Inbound","5","12805","30",,,"15"
"TriMet","12","Outbound","*","en","MERGE_TIMES","12","Inbound","5","3670","35","X","These trips layover at SW Langer Dr prior to traveling to downtown Sherwood.","0"
"TriMet","12","Inbound","*","en","MERGE_TIMES","12","Outbound","5","3670","25","","","0"
